target_beta,tau_invariance_score
0.003,1.2361054989041244e-06
0.005,2.893249176640014e-06
0.007,9.601182531927412e-07
